"catid|catgroup|catname|catdesc"
"1|Sports|MLB|Major League Baseball"
"3|Sports|NFL|National Football League"
"6|Shows|Musicals|Musical theatre"
"8|Shows|Opera|All opera and light opera"
"11|Concerts|Classical|All symphony, concerto, and choir concerts"
"2|Sports|NHL|National Hockey League"
"4|Sports|NBA|National Basketball Association"
"5|Sports|MLS|Major League Soccer"
"7|Shows|Plays|All non-musical theatre"
"9|Concerts|Pop|All rock and pop music concerts"
"10|Concerts|Jazz|All jazz singers and bands"
